sample_id,concentration_ppm,snr_db,temperature_K,pressure_atm,path_length_cm
CO_50ppm_0000,50,27.49,296.0,1.0,50.0
CO_50ppm_0001,50,23.42,296.0,1.0,50.0
CO_50ppm_0002,50,28.43,296.0,1.0,50.0
CO_50ppm_0003,50,35.53,296.0,1.0,50.0
CO_50ppm_0004,50,39.02,296.0,1.0,50.0
CO_50ppm_0005,50,27.51,296.0,1.0,50.0
CO_50ppm_0006,50,23.42,296.0,1.0,50.0
CO_50ppm_0007,50,24.14,296.0,1.0,50.0
CO_50ppm_0008,50,27.37,296.0,1.0,50.0
CO_50ppm_0009,50,24.92,296.0,1.0,50.0
CO_50ppm_0010,50,35.22,296.0,1.0,50.0
CO_50ppm_0011,50,38.68,296.0,1.0,50.0
CO_50ppm_0012,50,27.74,296.0,1.0,50.0
CO_50ppm_0013,50,36.09,296.0,1.0,50.0
CO_50ppm_0014,50,23.38,296.0,1.0,50.0
CO_50ppm_0015,50,24.0,296.0,1.0,50.0
CO_50ppm_0016,50,36.12,296.0,1.0,50.0
CO_50ppm_0017,50,25.76,296.0,1.0,50.0
CO_50ppm_0018,50,32.68,296.0,1.0,50.0
CO_50ppm_0019,50,39.1,296.0,1.0,50.0
CO_50ppm_0020,50,28.07,296.0,1.0,50.0
CO_50ppm_0021,50,23.72,296.0,1.0,50.0
CO_50ppm_0022,50,39.02,296.0,1.0,50.0
CO_50ppm_0023,50,20.34,296.0,1.0,50.0
CO_50ppm_0024,50,28.07,296.0,1.0,50.0
CO_50ppm_0025,50,29.08,296.0,1.0,50.0
CO_50ppm_0026,50,22.82,296.0,1.0,50.0
CO_50ppm_0027,50,32.53,296.0,1.0,50.0
CO_50ppm_0028,50,27.27,296.0,1.0,50.0
CO_50ppm_0029,50,34.26,296.0,1.0,50.0
CO_50ppm_0030,50,22.5,296.0,1.0,50.0
CO_50ppm_0031,50,38.98,296.0,1.0,50.0
CO_50ppm_0032,50,36.5,296.0,1.0,50.0
CO_50ppm_0033,50,29.79,296.0,1.0,50.0
CO_50ppm_0034,50,24.71,296.0,1.0,50.0
CO_50ppm_0035,50,34.59,296.0,1.0,50.0
CO_50ppm_0036,50,29.24,296.0,1.0,50.0
CO_50ppm_0037,50,39.24,296.0,1.0,50.0
CO_50ppm_0038,50,20.17,296.0,1.0,50.0
CO_50ppm_0039,50,30.0,296.0,1.0,50.0
CO_50ppm_0040,50,31.26,296.0,1.0,50.0
CO_50ppm_0041,50,38.41,296.0,1.0,50.0
CO_50ppm_0042,50,26.96,296.0,1.0,50.0
CO_50ppm_0043,50,36.15,296.0,1.0,50.0
CO_50ppm_0044,50,26.65,296.0,1.0,50.0
CO_50ppm_0045,50,26.21,296.0,1.0,50.0
CO_50ppm_0046,50,39.43,296.0,1.0,50.0
CO_50ppm_0047,50,21.33,296.0,1.0,50.0
CO_50ppm_0048,50,38.24,296.0,1.0,50.0
CO_50ppm_0049,50,34.21,296.0,1.0,50.0
CO_50ppm_0050,50,27.83,296.0,1.0,50.0
CO_50ppm_0051,50,36.49,296.0,1.0,50.0
CO_50ppm_0052,50,36.53,296.0,1.0,50.0
CO_50ppm_0053,50,20.74,296.0,1.0,50.0
CO_50ppm_0054,50,36.13,296.0,1.0,50.0
CO_50ppm_0055,50,23.93,296.0,1.0,50.0
CO_50ppm_0056,50,37.84,296.0,1.0,50.0
CO_50ppm_0057,50,30.81,296.0,1.0,50.0
CO_50ppm_0058,50,21.83,296.0,1.0,50.0
CO_50ppm_0059,50,21.61,296.0,1.0,50.0
CO_50ppm_0060,50,32.9,296.0,1.0,50.0
CO_50ppm_0061,50,25.0,296.0,1.0,50.0
CO_50ppm_0062,50,24.19,296.0,1.0,50.0
CO_50ppm_0063,50,38.97,296.0,1.0,50.0
CO_50ppm_0064,50,36.04,296.0,1.0,50.0
CO_50ppm_0065,50,34.44,296.0,1.0,50.0
CO_50ppm_0066,50,37.94,296.0,1.0,50.0
CO_50ppm_0067,50,26.34,296.0,1.0,50.0
CO_50ppm_0068,50,37.68,296.0,1.0,50.0
CO_50ppm_0069,50,35.73,296.0,1.0,50.0
CO_50ppm_0070,50,21.62,296.0,1.0,50.0
CO_50ppm_0071,50,21.85,296.0,1.0,50.0
CO_50ppm_0072,50,26.06,296.0,1.0,50.0
CO_50ppm_0073,50,38.05,296.0,1.0,50.0
CO_50ppm_0074,50,30.29,296.0,1.0,50.0
CO_50ppm_0075,50,33.65,296.0,1.0,50.0
CO_50ppm_0076,50,38.7,296.0,1.0,50.0
CO_50ppm_0077,50,31.27,296.0,1.0,50.0
CO_50ppm_0078,50,36.12,296.0,1.0,50.0
CO_50ppm_0079,50,33.32,296.0,1.0,50.0
CO_50ppm_0080,50,35.73,296.0,1.0,50.0
CO_50ppm_0081,50,38.05,296.0,1.0,50.0
CO_50ppm_0082,50,26.38,296.0,1.0,50.0
CO_50ppm_0083,50,26.01,296.0,1.0,50.0
CO_50ppm_0084,50,30.41,296.0,1.0,50.0
CO_50ppm_0085,50,23.87,296.0,1.0,50.0
CO_50ppm_0086,50,30.59,296.0,1.0,50.0
CO_50ppm_0087,50,27.15,296.0,1.0,50.0
CO_50ppm_0088,50,24.88,296.0,1.0,50.0
CO_50ppm_0089,50,32.61,296.0,1.0,50.0
CO_50ppm_0090,50,25.18,296.0,1.0,50.0
CO_50ppm_0091,50,38.65,296.0,1.0,50.0
CO_50ppm_0092,50,23.62,296.0,1.0,50.0
CO_50ppm_0093,50,35.25,296.0,1.0,50.0
CO_50ppm_0094,50,33.02,296.0,1.0,50.0
CO_50ppm_0095,50,25.24,296.0,1.0,50.0
CO_50ppm_0096,50,21.07,296.0,1.0,50.0
CO_50ppm_0097,50,22.98,296.0,1.0,50.0
CO_50ppm_0098,50,30.92,296.0,1.0,50.0
CO_50ppm_0099,50,31.43,296.0,1.0,50.0
CO_100ppm_0000,100,34.34,296.0,1.0,50.0
CO_100ppm_0001,100,29.18,296.0,1.0,50.0
CO_100ppm_0002,100,33.08,296.0,1.0,50.0
CO_100ppm_0003,100,35.41,296.0,1.0,50.0
CO_100ppm_0004,100,33.99,296.0,1.0,50.0
CO_100ppm_0005,100,38.61,296.0,1.0,50.0
CO_100ppm_0006,100,30.8,296.0,1.0,50.0
CO_100ppm_0007,100,25.96,296.0,1.0,50.0
CO_100ppm_0008,100,33.96,296.0,1.0,50.0
CO_100ppm_0009,100,37.17,296.0,1.0,50.0
CO_100ppm_0010,100,27.16,296.0,1.0,50.0
CO_100ppm_0011,100,38.63,296.0,1.0,50.0
CO_100ppm_0012,100,39.07,296.0,1.0,50.0
CO_100ppm_0013,100,23.98,296.0,1.0,50.0
CO_100ppm_0014,100,35.46,296.0,1.0,50.0
CO_100ppm_0015,100,28.78,296.0,1.0,50.0
CO_100ppm_0016,100,24.29,296.0,1.0,50.0
CO_100ppm_0017,100,25.33,296.0,1.0,50.0
CO_100ppm_0018,100,28.51,296.0,1.0,50.0
CO_100ppm_0019,100,25.81,296.0,1.0,50.0
CO_100ppm_0020,100,22.57,296.0,1.0,50.0
CO_100ppm_0021,100,24.33,296.0,1.0,50.0
CO_100ppm_0022,100,27.96,296.0,1.0,50.0
CO_100ppm_0023,100,28.53,296.0,1.0,50.0
CO_100ppm_0024,100,25.5,296.0,1.0,50.0
CO_100ppm_0025,100,34.65,296.0,1.0,50.0
CO_100ppm_0026,100,30.91,296.0,1.0,50.0
CO_100ppm_0027,100,28.26,296.0,1.0,50.0
CO_100ppm_0028,100,20.07,296.0,1.0,50.0
CO_100ppm_0029,100,35.76,296.0,1.0,50.0
CO_100ppm_0030,100,21.23,296.0,1.0,50.0
CO_100ppm_0031,100,23.44,296.0,1.0,50.0
CO_100ppm_0032,100,25.93,296.0,1.0,50.0
CO_100ppm_0033,100,21.2,296.0,1.0,50.0
CO_100ppm_0034,100,34.41,296.0,1.0,50.0
CO_100ppm_0035,100,21.17,296.0,1.0,50.0
CO_100ppm_0036,100,29.19,296.0,1.0,50.0
CO_100ppm_0037,100,25.47,296.0,1.0,50.0
CO_100ppm_0038,100,29.52,296.0,1.0,50.0
CO_100ppm_0039,100,24.98,296.0,1.0,50.0
CO_100ppm_0040,100,36.57,296.0,1.0,50.0
CO_100ppm_0041,100,30.68,296.0,1.0,50.0
CO_100ppm_0042,100,33.81,296.0,1.0,50.0
CO_100ppm_0043,100,33.05,296.0,1.0,50.0
CO_100ppm_0044,100,27.59,296.0,1.0,50.0
CO_100ppm_0045,100,20.51,296.0,1.0,50.0
CO_100ppm_0046,100,38.21,296.0,1.0,50.0
CO_100ppm_0047,100,25.57,296.0,1.0,50.0
CO_100ppm_0048,100,35.57,296.0,1.0,50.0
CO_100ppm_0049,100,24.52,296.0,1.0,50.0
CO_100ppm_0050,100,36.44,296.0,1.0,50.0
CO_100ppm_0051,100,23.29,296.0,1.0,50.0
CO_100ppm_0052,100,28.34,296.0,1.0,50.0
CO_100ppm_0053,100,28.82,296.0,1.0,50.0
CO_100ppm_0054,100,34.35,296.0,1.0,50.0
CO_100ppm_0055,100,28.34,296.0,1.0,50.0
CO_100ppm_0056,100,30.64,296.0,1.0,50.0
CO_100ppm_0057,100,36.76,296.0,1.0,50.0
CO_100ppm_0058,100,36.89,296.0,1.0,50.0
CO_100ppm_0059,100,25.19,296.0,1.0,50.0
CO_100ppm_0060,100,27.71,296.0,1.0,50.0
CO_100ppm_0061,100,33.82,296.0,1.0,50.0
CO_100ppm_0062,100,30.23,296.0,1.0,50.0
CO_100ppm_0063,100,26.27,296.0,1.0,50.0
CO_100ppm_0064,100,39.76,296.0,1.0,50.0
CO_100ppm_0065,100,24.2,296.0,1.0,50.0
CO_100ppm_0066,100,29.16,296.0,1.0,50.0
CO_100ppm_0067,100,25.45,296.0,1.0,50.0
CO_100ppm_0068,100,35.32,296.0,1.0,50.0
CO_100ppm_0069,100,37.3,296.0,1.0,50.0
CO_100ppm_0070,100,38.2,296.0,1.0,50.0
CO_100ppm_0071,100,30.76,296.0,1.0,50.0
CO_100ppm_0072,100,38.92,296.0,1.0,50.0
CO_100ppm_0073,100,32.43,296.0,1.0,50.0
CO_100ppm_0074,100,24.41,296.0,1.0,50.0
CO_100ppm_0075,100,32.6,296.0,1.0,50.0
CO_100ppm_0076,100,35.46,296.0,1.0,50.0
CO_100ppm_0077,100,37.02,296.0,1.0,50.0
CO_100ppm_0078,100,38.49,296.0,1.0,50.0
CO_100ppm_0079,100,24.22,296.0,1.0,50.0
CO_100ppm_0080,100,30.7,296.0,1.0,50.0
CO_100ppm_0081,100,27.87,296.0,1.0,50.0
CO_100ppm_0082,100,20.67,296.0,1.0,50.0
CO_100ppm_0083,100,30.7,296.0,1.0,50.0
CO_100ppm_0084,100,26.4,296.0,1.0,50.0
CO_100ppm_0085,100,21.21,296.0,1.0,50.0
CO_100ppm_0086,100,21.05,296.0,1.0,50.0
CO_100ppm_0087,100,31.5,296.0,1.0,50.0
CO_100ppm_0088,100,27.39,296.0,1.0,50.0
CO_100ppm_0089,100,21.09,296.0,1.0,50.0
CO_100ppm_0090,100,33.95,296.0,1.0,50.0
CO_100ppm_0091,100,25.24,296.0,1.0,50.0
CO_100ppm_0092,100,25.55,296.0,1.0,50.0
CO_100ppm_0093,100,28.65,296.0,1.0,50.0
CO_100ppm_0094,100,21.68,296.0,1.0,50.0
CO_100ppm_0095,100,22.6,296.0,1.0,50.0
CO_100ppm_0096,100,22.11,296.0,1.0,50.0
CO_100ppm_0097,100,21.17,296.0,1.0,50.0
CO_100ppm_0098,100,37.24,296.0,1.0,50.0
CO_100ppm_0099,100,36.23,296.0,1.0,50.0
CO_200ppm_0000,200,38.76,296.0,1.0,50.0
CO_200ppm_0001,200,23.66,296.0,1.0,50.0
CO_200ppm_0002,200,31.47,296.0,1.0,50.0
CO_200ppm_0003,200,34.76,296.0,1.0,50.0
CO_200ppm_0004,200,27.22,296.0,1.0,50.0
CO_200ppm_0005,200,39.9,296.0,1.0,50.0
CO_200ppm_0006,200,37.26,296.0,1.0,50.0
CO_200ppm_0007,200,25.78,296.0,1.0,50.0
CO_200ppm_0008,200,25.71,296.0,1.0,50.0
CO_200ppm_0009,200,20.22,296.0,1.0,50.0
CO_200ppm_0010,200,36.66,296.0,1.0,50.0
CO_200ppm_0011,200,29.34,296.0,1.0,50.0
CO_200ppm_0012,200,22.14,296.0,1.0,50.0
CO_200ppm_0013,200,35.28,296.0,1.0,50.0
CO_200ppm_0014,200,27.18,296.0,1.0,50.0
CO_200ppm_0015,200,26.21,296.0,1.0,50.0
CO_200ppm_0016,200,39.29,296.0,1.0,50.0
CO_200ppm_0017,200,39.77,296.0,1.0,50.0
CO_200ppm_0018,200,25.23,296.0,1.0,50.0
CO_200ppm_0019,200,36.12,296.0,1.0,50.0
CO_200ppm_0020,200,35.41,296.0,1.0,50.0
CO_200ppm_0021,200,20.09,296.0,1.0,50.0
CO_200ppm_0022,200,34.26,296.0,1.0,50.0
CO_200ppm_0023,200,28.33,296.0,1.0,50.0
CO_200ppm_0024,200,31.52,296.0,1.0,50.0
CO_200ppm_0025,200,32.99,296.0,1.0,50.0
CO_200ppm_0026,200,29.85,296.0,1.0,50.0
CO_200ppm_0027,200,25.8,296.0,1.0,50.0
CO_200ppm_0028,200,26.28,296.0,1.0,50.0
CO_200ppm_0029,200,33.06,296.0,1.0,50.0
CO_200ppm_0030,200,36.9,296.0,1.0,50.0
CO_200ppm_0031,200,23.5,296.0,1.0,50.0
CO_200ppm_0032,200,34.95,296.0,1.0,50.0
CO_200ppm_0033,200,28.66,296.0,1.0,50.0
CO_200ppm_0034,200,23.74,296.0,1.0,50.0
CO_200ppm_0035,200,31.09,296.0,1.0,50.0
CO_200ppm_0036,200,31.62,296.0,1.0,50.0
CO_200ppm_0037,200,20.42,296.0,1.0,50.0
CO_200ppm_0038,200,22.38,296.0,1.0,50.0
CO_200ppm_0039,200,33.1,296.0,1.0,50.0
CO_200ppm_0040,200,22.59,296.0,1.0,50.0
CO_200ppm_0041,200,21.69,296.0,1.0,50.0
CO_200ppm_0042,200,32.86,296.0,1.0,50.0
CO_200ppm_0043,200,26.55,296.0,1.0,50.0
CO_200ppm_0044,200,25.77,296.0,1.0,50.0
CO_200ppm_0045,200,36.66,296.0,1.0,50.0
CO_200ppm_0046,200,31.72,296.0,1.0,50.0
CO_200ppm_0047,200,23.75,296.0,1.0,50.0
CO_200ppm_0048,200,30.57,296.0,1.0,50.0
CO_200ppm_0049,200,37.96,296.0,1.0,50.0
CO_200ppm_0050,200,28.92,296.0,1.0,50.0
CO_200ppm_0051,200,30.16,296.0,1.0,50.0
CO_200ppm_0052,200,20.74,296.0,1.0,50.0
CO_200ppm_0053,200,39.23,296.0,1.0,50.0
CO_200ppm_0054,200,29.53,296.0,1.0,50.0
CO_200ppm_0055,200,38.94,296.0,1.0,50.0
CO_200ppm_0056,200,20.4,296.0,1.0,50.0
CO_200ppm_0057,200,26.67,296.0,1.0,50.0
CO_200ppm_0058,200,28.08,296.0,1.0,50.0
CO_200ppm_0059,200,36.32,296.0,1.0,50.0
CO_200ppm_0060,200,29.12,296.0,1.0,50.0
CO_200ppm_0061,200,27.78,296.0,1.0,50.0
CO_200ppm_0062,200,31.15,296.0,1.0,50.0
CO_200ppm_0063,200,24.91,296.0,1.0,50.0
CO_200ppm_0064,200,25.33,296.0,1.0,50.0
CO_200ppm_0065,200,26.01,296.0,1.0,50.0
CO_200ppm_0066,200,21.73,296.0,1.0,50.0
CO_200ppm_0067,200,32.65,296.0,1.0,50.0
CO_200ppm_0068,200,27.14,296.0,1.0,50.0
CO_200ppm_0069,200,35.78,296.0,1.0,50.0
CO_200ppm_0070,200,34.3,296.0,1.0,50.0
CO_200ppm_0071,200,34.9,296.0,1.0,50.0
CO_200ppm_0072,200,35.39,296.0,1.0,50.0
CO_200ppm_0073,200,24.51,296.0,1.0,50.0
CO_200ppm_0074,200,38.57,296.0,1.0,50.0
CO_200ppm_0075,200,29.53,296.0,1.0,50.0
CO_200ppm_0076,200,31.58,296.0,1.0,50.0
CO_200ppm_0077,200,30.06,296.0,1.0,50.0
CO_200ppm_0078,200,37.05,296.0,1.0,50.0
CO_200ppm_0079,200,22.77,296.0,1.0,50.0
CO_200ppm_0080,200,25.54,296.0,1.0,50.0
CO_200ppm_0081,200,25.61,296.0,1.0,50.0
CO_200ppm_0082,200,36.48,296.0,1.0,50.0
CO_200ppm_0083,200,38.88,296.0,1.0,50.0
CO_200ppm_0084,200,29.83,296.0,1.0,50.0
CO_200ppm_0085,200,38.96,296.0,1.0,50.0
CO_200ppm_0086,200,34.93,296.0,1.0,50.0
CO_200ppm_0087,200,38.7,296.0,1.0,50.0
CO_200ppm_0088,200,31.44,296.0,1.0,50.0
CO_200ppm_0089,200,39.51,296.0,1.0,50.0
CO_200ppm_0090,200,32.85,296.0,1.0,50.0
CO_200ppm_0091,200,30.56,296.0,1.0,50.0
CO_200ppm_0092,200,34.99,296.0,1.0,50.0
CO_200ppm_0093,200,29.31,296.0,1.0,50.0
CO_200ppm_0094,200,25.83,296.0,1.0,50.0
CO_200ppm_0095,200,22.88,296.0,1.0,50.0
CO_200ppm_0096,200,25.54,296.0,1.0,50.0
CO_200ppm_0097,200,35.49,296.0,1.0,50.0
CO_200ppm_0098,200,22.38,296.0,1.0,50.0
CO_200ppm_0099,200,23.03,296.0,1.0,50.0
CO_500ppm_0000,500,36.17,296.0,1.0,50.0
CO_500ppm_0001,500,37.83,296.0,1.0,50.0
CO_500ppm_0002,500,27.66,296.0,1.0,50.0
CO_500ppm_0003,500,23.44,296.0,1.0,50.0
CO_500ppm_0004,500,31.01,296.0,1.0,50.0
CO_500ppm_0005,500,25.41,296.0,1.0,50.0
CO_500ppm_0006,500,29.98,296.0,1.0,50.0
CO_500ppm_0007,500,35.45,296.0,1.0,50.0
CO_500ppm_0008,500,25.85,296.0,1.0,50.0
CO_500ppm_0009,500,38.98,296.0,1.0,50.0
CO_500ppm_0010,500,25.57,296.0,1.0,50.0
CO_500ppm_0011,500,26.5,296.0,1.0,50.0
CO_500ppm_0012,500,29.93,296.0,1.0,50.0
CO_500ppm_0013,500,31.85,296.0,1.0,50.0
CO_500ppm_0014,500,22.57,296.0,1.0,50.0
CO_500ppm_0015,500,26.33,296.0,1.0,50.0
CO_500ppm_0016,500,24.12,296.0,1.0,50.0
CO_500ppm_0017,500,34.0,296.0,1.0,50.0
CO_500ppm_0018,500,24.26,296.0,1.0,50.0
CO_500ppm_0019,500,39.44,296.0,1.0,50.0
CO_500ppm_0020,500,27.31,296.0,1.0,50.0
CO_500ppm_0021,500,34.8,296.0,1.0,50.0
CO_500ppm_0022,500,23.1,296.0,1.0,50.0
CO_500ppm_0023,500,30.22,296.0,1.0,50.0
CO_500ppm_0024,500,38.42,296.0,1.0,50.0
CO_500ppm_0025,500,35.53,296.0,1.0,50.0
CO_500ppm_0026,500,35.64,296.0,1.0,50.0
CO_500ppm_0027,500,35.43,296.0,1.0,50.0
CO_500ppm_0028,500,26.12,296.0,1.0,50.0
CO_500ppm_0029,500,37.4,296.0,1.0,50.0
CO_500ppm_0030,500,35.39,296.0,1.0,50.0
CO_500ppm_0031,500,36.16,296.0,1.0,50.0
CO_500ppm_0032,500,34.6,296.0,1.0,50.0
CO_500ppm_0033,500,35.7,296.0,1.0,50.0
CO_500ppm_0034,500,36.82,296.0,1.0,50.0
CO_500ppm_0035,500,30.31,296.0,1.0,50.0
CO_500ppm_0036,500,34.94,296.0,1.0,50.0
CO_500ppm_0037,500,26.11,296.0,1.0,50.0
CO_500ppm_0038,500,27.31,296.0,1.0,50.0
CO_500ppm_0039,500,34.88,296.0,1.0,50.0
CO_500ppm_0040,500,37.79,296.0,1.0,50.0
CO_500ppm_0041,500,31.75,296.0,1.0,50.0
CO_500ppm_0042,500,21.97,296.0,1.0,50.0
CO_500ppm_0043,500,32.48,296.0,1.0,50.0
CO_500ppm_0044,500,37.63,296.0,1.0,50.0
CO_500ppm_0045,500,30.76,296.0,1.0,50.0
CO_500ppm_0046,500,39.9,296.0,1.0,50.0
CO_500ppm_0047,500,34.62,296.0,1.0,50.0
CO_500ppm_0048,500,30.13,296.0,1.0,50.0
CO_500ppm_0049,500,28.47,296.0,1.0,50.0
CO_500ppm_0050,500,36.05,296.0,1.0,50.0
CO_500ppm_0051,500,35.3,296.0,1.0,50.0
CO_500ppm_0052,500,21.08,296.0,1.0,50.0
CO_500ppm_0053,500,37.95,296.0,1.0,50.0
CO_500ppm_0054,500,36.97,296.0,1.0,50.0
CO_500ppm_0055,500,30.68,296.0,1.0,50.0
CO_500ppm_0056,500,30.53,296.0,1.0,50.0
CO_500ppm_0057,500,28.71,296.0,1.0,50.0
CO_500ppm_0058,500,35.14,296.0,1.0,50.0
CO_500ppm_0059,500,28.07,296.0,1.0,50.0
CO_500ppm_0060,500,27.14,296.0,1.0,50.0
CO_500ppm_0061,500,37.75,296.0,1.0,50.0
CO_500ppm_0062,500,36.41,296.0,1.0,50.0
CO_500ppm_0063,500,21.99,296.0,1.0,50.0
CO_500ppm_0064,500,25.69,296.0,1.0,50.0
CO_500ppm_0065,500,34.0,296.0,1.0,50.0
CO_500ppm_0066,500,38.88,296.0,1.0,50.0
CO_500ppm_0067,500,30.37,296.0,1.0,50.0
CO_500ppm_0068,500,28.13,296.0,1.0,50.0
CO_500ppm_0069,500,38.9,296.0,1.0,50.0
CO_500ppm_0070,500,24.54,296.0,1.0,50.0
CO_500ppm_0071,500,35.35,296.0,1.0,50.0
CO_500ppm_0072,500,20.94,296.0,1.0,50.0
CO_500ppm_0073,500,37.11,296.0,1.0,50.0
CO_500ppm_0074,500,20.99,296.0,1.0,50.0
CO_500ppm_0075,500,38.09,296.0,1.0,50.0
CO_500ppm_0076,500,35.73,296.0,1.0,50.0
CO_500ppm_0077,500,22.54,296.0,1.0,50.0
CO_500ppm_0078,500,38.34,296.0,1.0,50.0
CO_500ppm_0079,500,26.47,296.0,1.0,50.0
CO_500ppm_0080,500,38.94,296.0,1.0,50.0
CO_500ppm_0081,500,20.27,296.0,1.0,50.0
CO_500ppm_0082,500,29.41,296.0,1.0,50.0
CO_500ppm_0083,500,21.33,296.0,1.0,50.0
CO_500ppm_0084,500,36.24,296.0,1.0,50.0
CO_500ppm_0085,500,21.54,296.0,1.0,50.0
CO_500ppm_0086,500,20.56,296.0,1.0,50.0
CO_500ppm_0087,500,24.51,296.0,1.0,50.0
CO_500ppm_0088,500,33.07,296.0,1.0,50.0
CO_500ppm_0089,500,29.18,296.0,1.0,50.0
CO_500ppm_0090,500,37.48,296.0,1.0,50.0
CO_500ppm_0091,500,25.31,296.0,1.0,50.0
CO_500ppm_0092,500,22.42,296.0,1.0,50.0
CO_500ppm_0093,500,22.84,296.0,1.0,50.0
CO_500ppm_0094,500,32.7,296.0,1.0,50.0
CO_500ppm_0095,500,25.16,296.0,1.0,50.0
CO_500ppm_0096,500,21.46,296.0,1.0,50.0
CO_500ppm_0097,500,29.69,296.0,1.0,50.0
CO_500ppm_0098,500,20.5,296.0,1.0,50.0
CO_500ppm_0099,500,35.93,296.0,1.0,50.0
CO_1000ppm_0000,1000,31.36,296.0,1.0,50.0
CO_1000ppm_0001,1000,25.05,296.0,1.0,50.0
CO_1000ppm_0002,1000,30.07,296.0,1.0,50.0
CO_1000ppm_0003,1000,34.4,296.0,1.0,50.0
CO_1000ppm_0004,1000,21.87,296.0,1.0,50.0
CO_1000ppm_0005,1000,35.08,296.0,1.0,50.0
CO_1000ppm_0006,1000,22.19,296.0,1.0,50.0
CO_1000ppm_0007,1000,37.76,296.0,1.0,50.0
CO_1000ppm_0008,1000,21.7,296.0,1.0,50.0
CO_1000ppm_0009,1000,22.35,296.0,1.0,50.0
CO_1000ppm_0010,1000,28.14,296.0,1.0,50.0
CO_1000ppm_0011,1000,35.51,296.0,1.0,50.0
CO_1000ppm_0012,1000,24.75,296.0,1.0,50.0
CO_1000ppm_0013,1000,39.52,296.0,1.0,50.0
CO_1000ppm_0014,1000,24.96,296.0,1.0,50.0
CO_1000ppm_0015,1000,37.59,296.0,1.0,50.0
CO_1000ppm_0016,1000,39.56,296.0,1.0,50.0
CO_1000ppm_0017,1000,31.12,296.0,1.0,50.0
CO_1000ppm_0018,1000,24.5,296.0,1.0,50.0
CO_1000ppm_0019,1000,23.15,296.0,1.0,50.0
CO_1000ppm_0020,1000,38.68,296.0,1.0,50.0
CO_1000ppm_0021,1000,20.98,296.0,1.0,50.0
CO_1000ppm_0022,1000,33.38,296.0,1.0,50.0
CO_1000ppm_0023,1000,36.93,296.0,1.0,50.0
CO_1000ppm_0024,1000,37.52,296.0,1.0,50.0
CO_1000ppm_0025,1000,36.43,296.0,1.0,50.0
CO_1000ppm_0026,1000,37.58,296.0,1.0,50.0
CO_1000ppm_0027,1000,24.38,296.0,1.0,50.0
CO_1000ppm_0028,1000,20.14,296.0,1.0,50.0
CO_1000ppm_0029,1000,34.71,296.0,1.0,50.0
CO_1000ppm_0030,1000,32.19,296.0,1.0,50.0
CO_1000ppm_0031,1000,30.62,296.0,1.0,50.0
CO_1000ppm_0032,1000,31.94,296.0,1.0,50.0
CO_1000ppm_0033,1000,20.86,296.0,1.0,50.0
CO_1000ppm_0034,1000,22.47,296.0,1.0,50.0
CO_1000ppm_0035,1000,21.75,296.0,1.0,50.0
CO_1000ppm_0036,1000,27.42,296.0,1.0,50.0
CO_1000ppm_0037,1000,22.86,296.0,1.0,50.0
CO_1000ppm_0038,1000,20.39,296.0,1.0,50.0
CO_1000ppm_0039,1000,38.9,296.0,1.0,50.0
CO_1000ppm_0040,1000,39.28,296.0,1.0,50.0
CO_1000ppm_0041,1000,29.61,296.0,1.0,50.0
CO_1000ppm_0042,1000,23.21,296.0,1.0,50.0
CO_1000ppm_0043,1000,23.05,296.0,1.0,50.0
CO_1000ppm_0044,1000,28.16,296.0,1.0,50.0
CO_1000ppm_0045,1000,37.81,296.0,1.0,50.0
CO_1000ppm_0046,1000,34.85,296.0,1.0,50.0
CO_1000ppm_0047,1000,21.71,296.0,1.0,50.0
CO_1000ppm_0048,1000,26.7,296.0,1.0,50.0
CO_1000ppm_0049,1000,22.63,296.0,1.0,50.0
CO_1000ppm_0050,1000,26.06,296.0,1.0,50.0
CO_1000ppm_0051,1000,37.3,296.0,1.0,50.0
CO_1000ppm_0052,1000,31.44,296.0,1.0,50.0
CO_1000ppm_0053,1000,35.83,296.0,1.0,50.0
CO_1000ppm_0054,1000,31.25,296.0,1.0,50.0
CO_1000ppm_0055,1000,33.9,296.0,1.0,50.0
CO_1000ppm_0056,1000,33.28,296.0,1.0,50.0
CO_1000ppm_0057,1000,28.9,296.0,1.0,50.0
CO_1000ppm_0058,1000,28.64,296.0,1.0,50.0
CO_1000ppm_0059,1000,30.06,296.0,1.0,50.0
CO_1000ppm_0060,1000,34.38,296.0,1.0,50.0
CO_1000ppm_0061,1000,34.48,296.0,1.0,50.0
CO_1000ppm_0062,1000,24.14,296.0,1.0,50.0
CO_1000ppm_0063,1000,29.85,296.0,1.0,50.0
CO_1000ppm_0064,1000,37.5,296.0,1.0,50.0
CO_1000ppm_0065,1000,37.8,296.0,1.0,50.0
CO_1000ppm_0066,1000,26.9,296.0,1.0,50.0
CO_1000ppm_0067,1000,22.65,296.0,1.0,50.0
CO_1000ppm_0068,1000,36.21,296.0,1.0,50.0
CO_1000ppm_0069,1000,38.43,296.0,1.0,50.0
CO_1000ppm_0070,1000,29.3,296.0,1.0,50.0
CO_1000ppm_0071,1000,35.03,296.0,1.0,50.0
CO_1000ppm_0072,1000,20.67,296.0,1.0,50.0
CO_1000ppm_0073,1000,29.29,296.0,1.0,50.0
CO_1000ppm_0074,1000,23.65,296.0,1.0,50.0
CO_1000ppm_0075,1000,31.83,296.0,1.0,50.0
CO_1000ppm_0076,1000,32.19,296.0,1.0,50.0
CO_1000ppm_0077,1000,31.64,296.0,1.0,50.0
CO_1000ppm_0078,1000,36.2,296.0,1.0,50.0
CO_1000ppm_0079,1000,27.03,296.0,1.0,50.0
CO_1000ppm_0080,1000,31.15,296.0,1.0,50.0
CO_1000ppm_0081,1000,35.66,296.0,1.0,50.0
CO_1000ppm_0082,1000,31.59,296.0,1.0,50.0
CO_1000ppm_0083,1000,20.83,296.0,1.0,50.0
CO_1000ppm_0084,1000,37.83,296.0,1.0,50.0
CO_1000ppm_0085,1000,27.85,296.0,1.0,50.0
CO_1000ppm_0086,1000,23.98,296.0,1.0,50.0
CO_1000ppm_0087,1000,29.07,296.0,1.0,50.0
CO_1000ppm_0088,1000,23.49,296.0,1.0,50.0
CO_1000ppm_0089,1000,34.54,296.0,1.0,50.0
CO_1000ppm_0090,1000,32.63,296.0,1.0,50.0
CO_1000ppm_0091,1000,39.65,296.0,1.0,50.0
CO_1000ppm_0092,1000,22.55,296.0,1.0,50.0
CO_1000ppm_0093,1000,32.85,296.0,1.0,50.0
CO_1000ppm_0094,1000,20.06,296.0,1.0,50.0
CO_1000ppm_0095,1000,37.27,296.0,1.0,50.0
CO_1000ppm_0096,1000,22.51,296.0,1.0,50.0
CO_1000ppm_0097,1000,30.95,296.0,1.0,50.0
CO_1000ppm_0098,1000,25.09,296.0,1.0,50.0
CO_1000ppm_0099,1000,30.4,296.0,1.0,50.0
CO_2000ppm_0000,2000,29.12,296.0,1.0,50.0
CO_2000ppm_0001,2000,29.95,296.0,1.0,50.0
CO_2000ppm_0002,2000,34.87,296.0,1.0,50.0
CO_2000ppm_0003,2000,23.82,296.0,1.0,50.0
CO_2000ppm_0004,2000,23.45,296.0,1.0,50.0
CO_2000ppm_0005,2000,32.22,296.0,1.0,50.0
CO_2000ppm_0006,2000,26.48,296.0,1.0,50.0
CO_2000ppm_0007,2000,34.65,296.0,1.0,50.0
CO_2000ppm_0008,2000,32.48,296.0,1.0,50.0
CO_2000ppm_0009,2000,30.63,296.0,1.0,50.0
CO_2000ppm_0010,2000,27.8,296.0,1.0,50.0
CO_2000ppm_0011,2000,38.47,296.0,1.0,50.0
CO_2000ppm_0012,2000,23.28,296.0,1.0,50.0
CO_2000ppm_0013,2000,24.53,296.0,1.0,50.0
CO_2000ppm_0014,2000,25.4,296.0,1.0,50.0
CO_2000ppm_0015,2000,33.37,296.0,1.0,50.0
CO_2000ppm_0016,2000,28.91,296.0,1.0,50.0
CO_2000ppm_0017,2000,36.54,296.0,1.0,50.0
CO_2000ppm_0018,2000,31.39,296.0,1.0,50.0
CO_2000ppm_0019,2000,21.11,296.0,1.0,50.0
CO_2000ppm_0020,2000,26.53,296.0,1.0,50.0
CO_2000ppm_0021,2000,35.11,296.0,1.0,50.0
CO_2000ppm_0022,2000,26.48,296.0,1.0,50.0
CO_2000ppm_0023,2000,28.13,296.0,1.0,50.0
CO_2000ppm_0024,2000,35.71,296.0,1.0,50.0
CO_2000ppm_0025,2000,21.04,296.0,1.0,50.0
CO_2000ppm_0026,2000,28.44,296.0,1.0,50.0
CO_2000ppm_0027,2000,29.14,296.0,1.0,50.0
CO_2000ppm_0028,2000,39.79,296.0,1.0,50.0
CO_2000ppm_0029,2000,36.52,296.0,1.0,50.0
CO_2000ppm_0030,2000,23.37,296.0,1.0,50.0
CO_2000ppm_0031,2000,37.66,296.0,1.0,50.0
CO_2000ppm_0032,2000,33.89,296.0,1.0,50.0
CO_2000ppm_0033,2000,21.69,296.0,1.0,50.0
CO_2000ppm_0034,2000,24.53,296.0,1.0,50.0
CO_2000ppm_0035,2000,23.87,296.0,1.0,50.0
CO_2000ppm_0036,2000,37.09,296.0,1.0,50.0
CO_2000ppm_0037,2000,35.11,296.0,1.0,50.0
CO_2000ppm_0038,2000,38.74,296.0,1.0,50.0
CO_2000ppm_0039,2000,33.85,296.0,1.0,50.0
CO_2000ppm_0040,2000,20.34,296.0,1.0,50.0
CO_2000ppm_0041,2000,29.95,296.0,1.0,50.0
CO_2000ppm_0042,2000,24.4,296.0,1.0,50.0
CO_2000ppm_0043,2000,27.98,296.0,1.0,50.0
CO_2000ppm_0044,2000,35.64,296.0,1.0,50.0
CO_2000ppm_0045,2000,20.67,296.0,1.0,50.0
CO_2000ppm_0046,2000,28.39,296.0,1.0,50.0
CO_2000ppm_0047,2000,38.33,296.0,1.0,50.0
CO_2000ppm_0048,2000,26.15,296.0,1.0,50.0
CO_2000ppm_0049,2000,38.98,296.0,1.0,50.0
CO_2000ppm_0050,2000,25.08,296.0,1.0,50.0
CO_2000ppm_0051,2000,22.53,296.0,1.0,50.0
CO_2000ppm_0052,2000,35.77,296.0,1.0,50.0
CO_2000ppm_0053,2000,21.0,296.0,1.0,50.0
CO_2000ppm_0054,2000,24.4,296.0,1.0,50.0
CO_2000ppm_0055,2000,30.99,296.0,1.0,50.0
CO_2000ppm_0056,2000,25.41,296.0,1.0,50.0
CO_2000ppm_0057,2000,39.12,296.0,1.0,50.0
CO_2000ppm_0058,2000,27.97,296.0,1.0,50.0
CO_2000ppm_0059,2000,25.28,296.0,1.0,50.0
CO_2000ppm_0060,2000,23.95,296.0,1.0,50.0
CO_2000ppm_0061,2000,32.52,296.0,1.0,50.0
CO_2000ppm_0062,2000,29.72,296.0,1.0,50.0
CO_2000ppm_0063,2000,29.09,296.0,1.0,50.0
CO_2000ppm_0064,2000,36.05,296.0,1.0,50.0
CO_2000ppm_0065,2000,28.15,296.0,1.0,50.0
CO_2000ppm_0066,2000,38.13,296.0,1.0,50.0
CO_2000ppm_0067,2000,21.6,296.0,1.0,50.0
CO_2000ppm_0068,2000,26.21,296.0,1.0,50.0
CO_2000ppm_0069,2000,22.78,296.0,1.0,50.0
CO_2000ppm_0070,2000,36.01,296.0,1.0,50.0
CO_2000ppm_0071,2000,29.28,296.0,1.0,50.0
CO_2000ppm_0072,2000,35.15,296.0,1.0,50.0
CO_2000ppm_0073,2000,35.37,296.0,1.0,50.0
CO_2000ppm_0074,2000,37.31,296.0,1.0,50.0
CO_2000ppm_0075,2000,22.43,296.0,1.0,50.0
CO_2000ppm_0076,2000,35.63,296.0,1.0,50.0
CO_2000ppm_0077,2000,25.01,296.0,1.0,50.0
CO_2000ppm_0078,2000,21.68,296.0,1.0,50.0
CO_2000ppm_0079,2000,38.21,296.0,1.0,50.0
CO_2000ppm_0080,2000,39.41,296.0,1.0,50.0
CO_2000ppm_0081,2000,28.02,296.0,1.0,50.0
CO_2000ppm_0082,2000,28.08,296.0,1.0,50.0
CO_2000ppm_0083,2000,36.67,296.0,1.0,50.0
CO_2000ppm_0084,2000,25.77,296.0,1.0,50.0
CO_2000ppm_0085,2000,37.11,296.0,1.0,50.0
CO_2000ppm_0086,2000,33.83,296.0,1.0,50.0
CO_2000ppm_0087,2000,22.6,296.0,1.0,50.0
CO_2000ppm_0088,2000,24.2,296.0,1.0,50.0
CO_2000ppm_0089,2000,24.3,296.0,1.0,50.0
CO_2000ppm_0090,2000,32.59,296.0,1.0,50.0
CO_2000ppm_0091,2000,37.91,296.0,1.0,50.0
CO_2000ppm_0092,2000,24.15,296.0,1.0,50.0
CO_2000ppm_0093,2000,30.45,296.0,1.0,50.0
CO_2000ppm_0094,2000,24.21,296.0,1.0,50.0
CO_2000ppm_0095,2000,24.46,296.0,1.0,50.0
CO_2000ppm_0096,2000,31.51,296.0,1.0,50.0
CO_2000ppm_0097,2000,22.65,296.0,1.0,50.0
CO_2000ppm_0098,2000,30.62,296.0,1.0,50.0
CO_2000ppm_0099,2000,25.78,296.0,1.0,50.0
CO_3000ppm_0000,3000,26.37,296.0,1.0,50.0
CO_3000ppm_0001,3000,35.4,296.0,1.0,50.0
CO_3000ppm_0002,3000,34.57,296.0,1.0,50.0
CO_3000ppm_0003,3000,29.77,296.0,1.0,50.0
CO_3000ppm_0004,3000,28.89,296.0,1.0,50.0
CO_3000ppm_0005,3000,31.4,296.0,1.0,50.0
CO_3000ppm_0006,3000,39.65,296.0,1.0,50.0
CO_3000ppm_0007,3000,31.07,296.0,1.0,50.0
CO_3000ppm_0008,3000,34.68,296.0,1.0,50.0
CO_3000ppm_0009,3000,38.77,296.0,1.0,50.0
CO_3000ppm_0010,3000,35.51,296.0,1.0,50.0
CO_3000ppm_0011,3000,20.3,296.0,1.0,50.0
CO_3000ppm_0012,3000,21.48,296.0,1.0,50.0
CO_3000ppm_0013,3000,31.46,296.0,1.0,50.0
CO_3000ppm_0014,3000,30.7,296.0,1.0,50.0
CO_3000ppm_0015,3000,30.4,296.0,1.0,50.0
CO_3000ppm_0016,3000,30.71,296.0,1.0,50.0
CO_3000ppm_0017,3000,33.19,296.0,1.0,50.0
CO_3000ppm_0018,3000,22.33,296.0,1.0,50.0
CO_3000ppm_0019,3000,32.52,296.0,1.0,50.0
CO_3000ppm_0020,3000,23.22,296.0,1.0,50.0
CO_3000ppm_0021,3000,36.39,296.0,1.0,50.0
CO_3000ppm_0022,3000,38.65,296.0,1.0,50.0
CO_3000ppm_0023,3000,33.53,296.0,1.0,50.0
CO_3000ppm_0024,3000,31.04,296.0,1.0,50.0
CO_3000ppm_0025,3000,31.3,296.0,1.0,50.0
CO_3000ppm_0026,3000,39.45,296.0,1.0,50.0
CO_3000ppm_0027,3000,38.09,296.0,1.0,50.0
CO_3000ppm_0028,3000,20.82,296.0,1.0,50.0
CO_3000ppm_0029,3000,25.37,296.0,1.0,50.0
CO_3000ppm_0030,3000,35.48,296.0,1.0,50.0
CO_3000ppm_0031,3000,37.39,296.0,1.0,50.0
CO_3000ppm_0032,3000,24.68,296.0,1.0,50.0
CO_3000ppm_0033,3000,38.3,296.0,1.0,50.0
CO_3000ppm_0034,3000,25.08,296.0,1.0,50.0
CO_3000ppm_0035,3000,25.75,296.0,1.0,50.0
CO_3000ppm_0036,3000,27.69,296.0,1.0,50.0
CO_3000ppm_0037,3000,34.85,296.0,1.0,50.0
CO_3000ppm_0038,3000,38.05,296.0,1.0,50.0
CO_3000ppm_0039,3000,28.4,296.0,1.0,50.0
CO_3000ppm_0040,3000,36.2,296.0,1.0,50.0
CO_3000ppm_0041,3000,30.88,296.0,1.0,50.0
CO_3000ppm_0042,3000,36.49,296.0,1.0,50.0
CO_3000ppm_0043,3000,39.56,296.0,1.0,50.0
CO_3000ppm_0044,3000,30.41,296.0,1.0,50.0
CO_3000ppm_0045,3000,32.57,296.0,1.0,50.0
CO_3000ppm_0046,3000,37.57,296.0,1.0,50.0
CO_3000ppm_0047,3000,22.61,296.0,1.0,50.0
CO_3000ppm_0048,3000,22.09,296.0,1.0,50.0
CO_3000ppm_0049,3000,23.82,296.0,1.0,50.0
CO_3000ppm_0050,3000,34.68,296.0,1.0,50.0
CO_3000ppm_0051,3000,34.67,296.0,1.0,50.0
CO_3000ppm_0052,3000,29.57,296.0,1.0,50.0
CO_3000ppm_0053,3000,27.05,296.0,1.0,50.0
CO_3000ppm_0054,3000,28.37,296.0,1.0,50.0
CO_3000ppm_0055,3000,29.19,296.0,1.0,50.0
CO_3000ppm_0056,3000,22.24,296.0,1.0,50.0
CO_3000ppm_0057,3000,36.82,296.0,1.0,50.0
CO_3000ppm_0058,3000,38.74,296.0,1.0,50.0
CO_3000ppm_0059,3000,39.0,296.0,1.0,50.0
CO_3000ppm_0060,3000,31.18,296.0,1.0,50.0
CO_3000ppm_0061,3000,39.8,296.0,1.0,50.0
CO_3000ppm_0062,3000,39.91,296.0,1.0,50.0
CO_3000ppm_0063,3000,20.82,296.0,1.0,50.0
CO_3000ppm_0064,3000,35.73,296.0,1.0,50.0
CO_3000ppm_0065,3000,24.43,296.0,1.0,50.0
CO_3000ppm_0066,3000,33.43,296.0,1.0,50.0
CO_3000ppm_0067,3000,31.3,296.0,1.0,50.0
CO_3000ppm_0068,3000,30.19,296.0,1.0,50.0
CO_3000ppm_0069,3000,38.77,296.0,1.0,50.0
CO_3000ppm_0070,3000,22.72,296.0,1.0,50.0
CO_3000ppm_0071,3000,25.84,296.0,1.0,50.0
CO_3000ppm_0072,3000,32.67,296.0,1.0,50.0
CO_3000ppm_0073,3000,30.44,296.0,1.0,50.0
CO_3000ppm_0074,3000,32.66,296.0,1.0,50.0
CO_3000ppm_0075,3000,30.76,296.0,1.0,50.0
CO_3000ppm_0076,3000,21.46,296.0,1.0,50.0
CO_3000ppm_0077,3000,24.61,296.0,1.0,50.0
CO_3000ppm_0078,3000,29.29,296.0,1.0,50.0
CO_3000ppm_0079,3000,31.0,296.0,1.0,50.0
CO_3000ppm_0080,3000,38.14,296.0,1.0,50.0
CO_3000ppm_0081,3000,27.26,296.0,1.0,50.0
CO_3000ppm_0082,3000,32.5,296.0,1.0,50.0
CO_3000ppm_0083,3000,21.45,296.0,1.0,50.0
CO_3000ppm_0084,3000,31.88,296.0,1.0,50.0
CO_3000ppm_0085,3000,32.68,296.0,1.0,50.0
CO_3000ppm_0086,3000,25.25,296.0,1.0,50.0
CO_3000ppm_0087,3000,34.75,296.0,1.0,50.0
CO_3000ppm_0088,3000,31.45,296.0,1.0,50.0
CO_3000ppm_0089,3000,22.56,296.0,1.0,50.0
CO_3000ppm_0090,3000,36.15,296.0,1.0,50.0
CO_3000ppm_0091,3000,23.3,296.0,1.0,50.0
CO_3000ppm_0092,3000,23.21,296.0,1.0,50.0
CO_3000ppm_0093,3000,33.83,296.0,1.0,50.0
CO_3000ppm_0094,3000,26.59,296.0,1.0,50.0
CO_3000ppm_0095,3000,36.11,296.0,1.0,50.0
CO_3000ppm_0096,3000,30.54,296.0,1.0,50.0
CO_3000ppm_0097,3000,29.43,296.0,1.0,50.0
CO_3000ppm_0098,3000,36.53,296.0,1.0,50.0
CO_3000ppm_0099,3000,28.03,296.0,1.0,50.0
CO_5000ppm_0000,5000,24.55,296.0,1.0,50.0
CO_5000ppm_0001,5000,28.18,296.0,1.0,50.0
CO_5000ppm_0002,5000,30.74,296.0,1.0,50.0
CO_5000ppm_0003,5000,30.18,296.0,1.0,50.0
CO_5000ppm_0004,5000,39.67,296.0,1.0,50.0
CO_5000ppm_0005,5000,36.46,296.0,1.0,50.0
CO_5000ppm_0006,5000,28.45,296.0,1.0,50.0
CO_5000ppm_0007,5000,32.48,296.0,1.0,50.0
CO_5000ppm_0008,5000,20.46,296.0,1.0,50.0
CO_5000ppm_0009,5000,20.34,296.0,1.0,50.0
CO_5000ppm_0010,5000,39.71,296.0,1.0,50.0
CO_5000ppm_0011,5000,31.75,296.0,1.0,50.0
CO_5000ppm_0012,5000,35.93,296.0,1.0,50.0
CO_5000ppm_0013,5000,31.65,296.0,1.0,50.0
CO_5000ppm_0014,5000,35.44,296.0,1.0,50.0
CO_5000ppm_0015,5000,21.53,296.0,1.0,50.0
CO_5000ppm_0016,5000,33.18,296.0,1.0,50.0
CO_5000ppm_0017,5000,27.98,296.0,1.0,50.0
CO_5000ppm_0018,5000,30.18,296.0,1.0,50.0
CO_5000ppm_0019,5000,21.21,296.0,1.0,50.0
CO_5000ppm_0020,5000,32.23,296.0,1.0,50.0
CO_5000ppm_0021,5000,39.32,296.0,1.0,50.0
CO_5000ppm_0022,5000,24.06,296.0,1.0,50.0
CO_5000ppm_0023,5000,29.59,296.0,1.0,50.0
CO_5000ppm_0024,5000,24.19,296.0,1.0,50.0
CO_5000ppm_0025,5000,23.26,296.0,1.0,50.0
CO_5000ppm_0026,5000,31.56,296.0,1.0,50.0
CO_5000ppm_0027,5000,26.86,296.0,1.0,50.0
CO_5000ppm_0028,5000,29.47,296.0,1.0,50.0
CO_5000ppm_0029,5000,23.16,296.0,1.0,50.0
CO_5000ppm_0030,5000,38.78,296.0,1.0,50.0
CO_5000ppm_0031,5000,21.37,296.0,1.0,50.0
CO_5000ppm_0032,5000,39.8,296.0,1.0,50.0
CO_5000ppm_0033,5000,35.52,296.0,1.0,50.0
CO_5000ppm_0034,5000,29.54,296.0,1.0,50.0
CO_5000ppm_0035,5000,22.61,296.0,1.0,50.0
CO_5000ppm_0036,5000,21.42,296.0,1.0,50.0
CO_5000ppm_0037,5000,33.38,296.0,1.0,50.0
CO_5000ppm_0038,5000,38.21,296.0,1.0,50.0
CO_5000ppm_0039,5000,25.21,296.0,1.0,50.0
CO_5000ppm_0040,5000,28.55,296.0,1.0,50.0
CO_5000ppm_0041,5000,23.94,296.0,1.0,50.0
CO_5000ppm_0042,5000,29.44,296.0,1.0,50.0
CO_5000ppm_0043,5000,23.77,296.0,1.0,50.0
CO_5000ppm_0044,5000,34.03,296.0,1.0,50.0
CO_5000ppm_0045,5000,34.94,296.0,1.0,50.0
CO_5000ppm_0046,5000,35.78,296.0,1.0,50.0
CO_5000ppm_0047,5000,26.26,296.0,1.0,50.0
CO_5000ppm_0048,5000,30.31,296.0,1.0,50.0
CO_5000ppm_0049,5000,30.32,296.0,1.0,50.0
CO_5000ppm_0050,5000,23.03,296.0,1.0,50.0
CO_5000ppm_0051,5000,22.95,296.0,1.0,50.0
CO_5000ppm_0052,5000,35.88,296.0,1.0,50.0
CO_5000ppm_0053,5000,32.37,296.0,1.0,50.0
CO_5000ppm_0054,5000,37.81,296.0,1.0,50.0
CO_5000ppm_0055,5000,21.87,296.0,1.0,50.0
CO_5000ppm_0056,5000,26.91,296.0,1.0,50.0
CO_5000ppm_0057,5000,28.75,296.0,1.0,50.0
CO_5000ppm_0058,5000,22.41,296.0,1.0,50.0
CO_5000ppm_0059,5000,32.53,296.0,1.0,50.0
CO_5000ppm_0060,5000,31.04,296.0,1.0,50.0
CO_5000ppm_0061,5000,35.04,296.0,1.0,50.0
CO_5000ppm_0062,5000,33.81,296.0,1.0,50.0
CO_5000ppm_0063,5000,23.14,296.0,1.0,50.0
CO_5000ppm_0064,5000,23.66,296.0,1.0,50.0
CO_5000ppm_0065,5000,39.4,296.0,1.0,50.0
CO_5000ppm_0066,5000,39.83,296.0,1.0,50.0
CO_5000ppm_0067,5000,29.14,296.0,1.0,50.0
CO_5000ppm_0068,5000,39.04,296.0,1.0,50.0
CO_5000ppm_0069,5000,29.43,296.0,1.0,50.0
CO_5000ppm_0070,5000,26.77,296.0,1.0,50.0
CO_5000ppm_0071,5000,20.2,296.0,1.0,50.0
CO_5000ppm_0072,5000,32.05,296.0,1.0,50.0
CO_5000ppm_0073,5000,23.06,296.0,1.0,50.0
CO_5000ppm_0074,5000,25.89,296.0,1.0,50.0
CO_5000ppm_0075,5000,39.4,296.0,1.0,50.0
CO_5000ppm_0076,5000,24.82,296.0,1.0,50.0
CO_5000ppm_0077,5000,25.89,296.0,1.0,50.0
CO_5000ppm_0078,5000,33.52,296.0,1.0,50.0
CO_5000ppm_0079,5000,23.28,296.0,1.0,50.0
CO_5000ppm_0080,5000,34.04,296.0,1.0,50.0
CO_5000ppm_0081,5000,37.09,296.0,1.0,50.0
CO_5000ppm_0082,5000,34.03,296.0,1.0,50.0
CO_5000ppm_0083,5000,23.76,296.0,1.0,50.0
CO_5000ppm_0084,5000,37.63,296.0,1.0,50.0
CO_5000ppm_0085,5000,21.98,296.0,1.0,50.0
CO_5000ppm_0086,5000,32.51,296.0,1.0,50.0
CO_5000ppm_0087,5000,26.17,296.0,1.0,50.0
CO_5000ppm_0088,5000,25.39,296.0,1.0,50.0
CO_5000ppm_0089,5000,26.83,296.0,1.0,50.0
CO_5000ppm_0090,5000,30.3,296.0,1.0,50.0
CO_5000ppm_0091,5000,35.65,296.0,1.0,50.0
CO_5000ppm_0092,5000,22.28,296.0,1.0,50.0
CO_5000ppm_0093,5000,29.46,296.0,1.0,50.0
CO_5000ppm_0094,5000,34.24,296.0,1.0,50.0
CO_5000ppm_0095,5000,24.48,296.0,1.0,50.0
CO_5000ppm_0096,5000,27.73,296.0,1.0,50.0
CO_5000ppm_0097,5000,22.38,296.0,1.0,50.0
CO_5000ppm_0098,5000,21.78,296.0,1.0,50.0
CO_5000ppm_0099,5000,32.94,296.0,1.0,50.0
